Trait_Type,Original_Trait,New_Trait,New_Trait_w_ID
SKIN,Cheetah,Cosmic Cheetah Fur,APE Cosmic Cheetah Fur
SKIN,Magnolia,Royal Blossom,APE Royal Blossom
SKIN,White,Lunar Crystaline,APE Lunar Crystaline
SKIN,Brown,Default,APE Default
SKIN,Rainbow,Chromatic Armor,APE Chromatic Armor
SKIN,Cream,Oblivion Fossil Hide,APE Oblivion Fossil Hide
SKIN,Ocean,Abyssal Glow,APE Abyssal Glow
SKIN,Bronze,Enchanted Onyx,APE Enchanted Onyx
SKIN,Black,Obsidian Flame,APE Obsidian Flame
SKIN,Silver,Starlit Frost,APE Starlit Frost
SKIN,Red,Dragon's Blood,APE Dragon's Blood
SKIN,Dark Brown,Ancient Amber (Might change with Brown),APE Ancient Amber (Might change with Brown)
SKIN,Gold,Celestial Alchemy,APE Celestial Alchemy
SKIN,Blue,Sapphire Frost,APE Sapphire Frost
SKIN,Orange,Phoenix Feathers,APE Phoenix Feathers
SKIN,Robot,Quantum Circuitry,APE Quantum Circuitry
SKIN,Alien,Interstellar Aurora,APE Interstellar Aurora
SKIN,DMT,Psychedelic Spectrum,APE Psychedelic Spectrum
SKIN,Baynana,Tropical Mirage,APE Tropical Mirage
SKIN,Grey,Grey Marble,APE Grey Marble
SKIN,Zombie,Necromancer's Veil,APE Necromancer's Veil
SKIN,Noise,Digital Mirage,APE Digital Mirage
SKIN,Diamond,Celestial Prism,APE Celestial Prism
CLOTHES,Admiral,Jungle Sovereign,APE Jungle Sovereign
CLOTHES,Apelink,Apelink,APE Apelink
CLOTHES,Army,Elite Stealth,APE Elite Stealth
CLOTHES,Baby,Red Toddler,APE Red Toddler
CLOTHES,Bandolier,Desert Raider,APE Desert Raider
CLOTHES,Baynana,Tropical Rebel,APE Tropical Rebel
CLOTHES,Baynanaman,Baynana Avenger,APE Baynana Avenger
CLOTHES,Baysed,Streetwise Swagger,APE Streetwise Swagger
CLOTHES,Biker,Outlaw Overlord,APE Outlaw Overlord
CLOTHES,Blank,Blank,APE Blank
CLOTHES,Bone Necklace,Shaman's Heirloom,APE Shaman's Heirloom
CLOTHES,Caveman,Tribal Warrior,APE Tribal Warrior
CLOTHES,Cowboy,Outlaw Elite,APE Outlaw Elite
CLOTHES,Dress,Gothic Bride,APE Gothic Bride
CLOTHES,Farmer,Warrior of the Fields,APE Warrior of the Fields
CLOTHES,Fisherman,Abyssal Harpooner,APE Abyssal Harpooner
CLOTHES,Glory,Sovereign's Amulet,APE Sovereign's Amulet
CLOTHES,Hawaiian,Rainforest Mosaic,APE Rainforest Mosaic
CLOTHES,Hip-Hop Hoodie,Cypherlord,APE Cypherlord
CLOTHES,Indian,Warrior's Tunic,APE Warrior's Tunic
CLOTHES,Kimono,Oni Kimono,APE Oni Kimono
CLOTHES,King's Robe,Sovereign's Mantle,APE Sovereign's Mantle
CLOTHES,Leather Jacket,Apocalyptic Warrior,APE Apocalyptic Warrior
CLOTHES,Lumberjack,Forester's Guard,APE Forester's Guard
CLOTHES,McPolo,Diner's Champion,APE Diner's Champion
CLOTHES,Mime,Shadow Artist,APE Shadow Artist
CLOTHES,Mummy,Crypt Guardian,APE Crypt Guardian
CLOTHES,Pirate,Dread Captain's Regalia,APE Dread Captain's Regalia
CLOTHES,Police,Riot Commander,APE Riot Commander
CLOTHES,Prison,Escape Artist's Mark,APE Escape Artist's Mark
CLOTHES,Restrain,Speculator's Shackle,APE Speculator's Shackle
CLOTHES,Ripped Tee,Predator's Prize,APE Predator's Prize
CLOTHES,Robe,Warlord's Robe,APE Warlord's Robe
CLOTHES,Robin,Forest Sovereign,APE Forest Sovereign
CLOTHES,Sailor,Admiral of the Abyss,APE Admiral of the Abyss
CLOTHES,Spacesuit,Cosmic Conqueror,APE Cosmic Conqueror
CLOTHES,Striped Tee, Stormbringer Jersey,APE  Stormbringer Jersey
CLOTHES,Suspenders,Tropical Overlord Straps,APE Tropical Overlord Straps
CLOTHES,Tanktop,Dark Warrior's Cuirass,APE Dark Warrior's Cuirass
CLOTHES,Tie Dye,Nebula Core Tee,APE Nebula Core Tee
CLOTHES,Toga,Warlock's Shroud,APE Warlock's Shroud
CLOTHES,Tracksuit,Night Operative's Gear,APE Night Operative's Gear
CLOTHES,Trippy,Abyssal Illusion Tee,APE Abyssal Illusion Tee
CLOTHES,Turtleneck,Shadow Weaver's Neckpiece,APE Shadow Weaver's Neckpiece
CLOTHES,Tuxedo,Midnight Regalia,APE Midnight Regalia
CLOTHES,Tweed,Boardhide Gear,APE Boardhide Gear
CLOTHES,Viking,Warlord's SKIN Mantle,APE Warlord's SKIN Mantle
CLOTHES,XRP Hoodie,XRP Cryptowear Hoodie,APE XRP Cryptowear Hoodie
MOUTH,Angry,Angry,APE Angry
MOUTH,Bite Lips,Bite Lips,APE Bite Lips
MOUTH,Bite Teeth,Bite Teeth,APE Bite Teeth
MOUTH,Bubble,Thorn-Infused Jungle Gum,APE Thorn-Infused Jungle Gum
MOUTH,Cigar,Cyber SKINnace-Cigar,APE Cyber SKINnace-Cigar
MOUTH,Cigarette,Nuclear Nogie,APE Nuclear Nogie
MOUTH,Coin,Pandemonium Pact Coin,APE Pandemonium Pact Coin
MOUTH,Dagger,Shard Blade,APE Shard Blade
MOUTH,Diamond Grill,Abyssal Shine Grill,APE Abyssal Shine Grill
MOUTH,Donut,Ravaged Donut,APE Ravaged Donut
MOUTH,Gold Grill,Sovereign Fang Grill,APE Sovereign Fang Grill
MOUTH,Happy,Happy,APE Happy
MOUTH,Hotdog,Inferno Hotdog,APE Inferno Hotdog
MOUTH,Ledger,Bite-Sec Ledger,APE Bite-Sec Ledger
MOUTH,Multicolor Grill,Prismatic Bite,APE Prismatic Bite
MOUTH,No Expression,No Expression,APE No Expression
MOUTH,Normal,Normal,APE Normal
MOUTH,Pacifier,Mischief's Binky,APE Mischief's Binky
MOUTH,Party Horn,Raucous Reveler,APE Raucous Reveler
MOUTH,Piano Grill,Piano Grill,APE Piano Grill
MOUTH,Pipe,Baynana Puff,APE Baynana Puff
MOUTH,Pizza,Apocalyptic Slice,APE Apocalyptic Slice
MOUTH,Rainbow,Rainbow Spheres,APE Rainbow Spheres
MOUTH,Rose,Thorned Rose,APE Thorned Rose
MOUTH,Rotten Grill,Bronzed Decay Bite,APE Bronzed Decay Bite
MOUTH,S,S,APE S
MOUTH,Sad,Sad,APE Sad
MOUTH,Smug,Smug,APE Smug
MOUTH,Stitch,Zipper Maw,APE Zipper Maw
MOUTH,Tongue,Tongue,APE Tongue
MOUTH,Wooden Grill,Timber Fang Grill,APE Timber Fang Grill
MOUTH,Yawn,Yawn,APE Yawn
MOUTH,Yelling,Yelling,APE Yelling
EYES,3D,Dimensional Spectra Frames,APE Dimensional Spectra Frames
EYES,70s,Retro Neon Eclipse,APE Retro Neon Eclipse
EYES,Angry,Angry,APE Angry
EYES,Arrogant,Arrogant,APE Arrogant
EYES,Blindfold,Mystic Veil Vision,APE Mystic Veil Vision
EYES,Blue Lazer,Cooling SKINy Lazers,APE Cooling SKINy Lazers
EYES,Closed Eyes,Closed Eyes,APE Closed Eyes
EYES,Coins,Brokenana Coins,APE Brokenana Coins
EYES,Cyber Shades,Cyberpunk Visors,APE Cyberpunk Visors
EYES,Cyborg,Dominition Warfare,APE Dominition Warfare
EYES,Eyepatch,Battle-Scarred Tactical Eyepatch,APE Battle-Scarred Tactical Eyepatch
EYES,Happy,Happy,APE Happy
EYES,Heart,Inferno Heart Eyes,APE Inferno Heart Eyes
EYES,Normal,Normal,APE Normal
EYES,Optic Glasses,Broken Optic Glasses,APE Broken Optic Glasses
EYES,Red Lazer,Red Lazer,APE Red Lazer
EYES,Sad,Sad,APE Sad
EYES,Scar,Scar,APE Scar
EYES,Scared,Scared,APE Scared
EYES,Shocked,Shocked,APE Shocked
EYES,Shutter,Crimson Razor Shutters,APE Crimson Razor Shutters
EYES,Shy,Shy,APE Shy
EYES,Stoned,Stoned,APE Stoned
EYES,Tattoo,Tattoo,APE Tattoo
EYES,Thinking,Thinking,APE Thinking
EYES,X-Eyes,X,APE X
EYES,Zombie,Zombie,APE Zombie
HEADWEAR,Army Helmet,Warlord's Combat Helmet,APE Warlord's Combat Helmet
HEADWEAR,Backward Cap,Azure Crest Cap,APE Azure Crest Cap
HEADWEAR,Banana Peel,Toxic Spiked Peel,APE Toxic Spiked Peel
HEADWEAR,Bandana,Rugged Jungle Bandana,APE Rugged Jungle Bandana
HEADWEAR,Beanie,Darkforce Beanie,APE Darkforce Beanie
HEADWEAR,Beanie Cap,Shadow XRP Overcap,APE Shadow XRP Overcap
HEADWEAR,Beret,Warrior's Shadow Beret,APE Warrior's Shadow Beret
HEADWEAR,Blank,Blank,APE Blank
HEADWEAR,Bucket Hat,Storm Surge Bucker Hat,APE Storm Surge Bucker Hat
HEADWEAR,Bunny Ears,Night Prowler Ears,APE Night Prowler Ears
HEADWEAR,Chef Hat,Culinary Warlord's Hat,APE Culinary Warlord's Hat
HEADWEAR,Cowboy,Cowboy Shadow Hat,APE Cowboy Shadow Hat
HEADWEAR,Crown,Sovereign's Dark Coronet,APE Sovereign's Dark Coronet
HEADWEAR,Feather Headband,Spirit Band,APE Spirit Band
HEADWEAR,Fez,Shadowed Jungle Fez,APE Shadowed Jungle Fez
HEADWEAR,Flat Cap,Abyssal Street Cap,APE Abyssal Street Cap
HEADWEAR,Gnome Hat,Inferno Mystic Cap,APE Inferno Mystic Cap
HEADWEAR,Halo,Eclipse Aurora Ring,APE Eclipse Aurora Ring
HEADWEAR,Headband,Crimson Warrior Headband,APE Crimson Warrior Headband
HEADWEAR,Horns,Inferno Wrath Horns,APE Inferno Wrath Horns
HEADWEAR,Jester,Dark Harlequin Hat,APE Dark Harlequin Hat
HEADWEAR,Laurel,Thorned Victory Halo,APE Thorned Victory Halo
HEADWEAR,McCap,Diner's Champion Cap,APE Diner's Champion Cap
HEADWEAR,Mohawk,Razor Crest Mohawk,APE Razor Crest Mohawk
HEADWEAR,P Hat,Spiked Hat Crown,APE Spiked Hat Crown
HEADWEAR,Paper Hat,Cursed Origami Hat,APE Cursed Origami Hat
HEADWEAR,Party Hat,Twilight Carnival Cap,APE Twilight Carnival Cap
HEADWEAR,Pink Hair,Crimson SKINy Mane,APE Crimson SKINy Mane
HEADWEAR,Pirate,Dread Corsair,APE Dread Corsair
HEADWEAR,Police Cap,Enforcer's Shadow Cap,APE Enforcer's Shadow Cap
HEADWEAR,Red Hair,Blazed Hair,APE Blazed Hair
HEADWEAR,Red Ripple Cap,Bladed Spinner Cap,APE Bladed Spinner Cap
HEADWEAR,Robin,Forest Rogue Cap,APE Forest Rogue Cap
HEADWEAR,Sailor,Subdued Sea Cap,APE Subdued Sea Cap
HEADWEAR,Sombrero,Jungle Shade Sombrero,APE Jungle Shade Sombrero
HEADWEAR,Spinner,Rotor Jungle Cap,APE Rotor Jungle Cap
HEADWEAR,Superman,Superman,APE Superman
HEADWEAR,Tinfoil,Thorned Shadow Hat,APE Thorned Shadow Hat
HEADWEAR,Top Hat,Crimson Claw Topper,APE Crimson Claw Topper
HEADWEAR,Umbrella Hat,Monsoon Shadow Protector,APE Monsoon Shadow Protector
HEADWEAR,Viking,Jungle Warrior Cap,APE Jungle Warrior Cap
HEADWEAR,Visor,Jungle Shade Visor,APE Jungle Shade Visor
HEADWEAR,Wizard Hat,Feral Cap,APE Feral Cap
HEADWEAR,XRP Cap,Cryptic Jungle X-Cap,APE Cryptic Jungle X-Cap
SKIN,Snake,Abyssal Viper Snakes,HOG Abyssal Viper Snakes
SKIN,Panda,Eclipse Orb Canvas,HOG Eclipse Orb Canvas
SKIN,Slimey,Verdant Flux Dermis,HOG Verdant Flux Dermis
SKIN,Lava,Lava ,HOG Lava 
SKIN,Normal,Normal,HOG Normal
SKIN,Zebra,Onyxhide Stripes,HOG Onyxhide Stripes
SKIN,Giraffe,Shadowhide Giraffe,HOG Shadowhide Giraffe
SKIN,Rhino,Titanhide,HOG Titanhide
SKIN,Black,Fire from Apes,HOG Fire from Apes
SKIN,Camo,Shadowstrike Commando,HOG Shadowstrike Commando
SKIN,Tigershark,Obsidianfin Tigershadow,HOG Obsidianfin Tigershadow
SKIN,Cyborg,Cybershadow ,HOG Cybershadow 
SKIN,Orange,Junglesworn Scar,HOG Junglesworn Scar
SKIN,Diamond,Abyssal Diamondglow,HOG Abyssal Diamondglow
SKIN,Snowleopard,Frostshadow Leopard,HOG Frostshadow Leopard
SKIN,White,Luminarctic Frostweave,HOG Luminarctic Frostweave
SKIN,Cow,Duskfang Bovine Hide,HOG Duskfang Bovine Hide
SKIN,Gold,Gilded Fang Hide,HOG Gilded Fang Hide
SKIN,Bacon,Burned Bacon,HOG Burned Bacon
SKIN,Pink,Blightrose Hide,HOG Blightrose Hide
SKIN,Blue,Obsidian Azure Spikes,HOG Obsidian Azure Spikes
SKIN,Zombie,Rotvenom Husk,HOG Rotvenom Husk
Clothing,Caveman,Stonehide Primalgarb,HOG Stonehide Primalgarb
Clothing,Polo,Crimson Shadowweave,HOG Crimson Shadowweave
Clothing,Basketball Shirt,Infernal Decathlete Jersey,HOG Infernal Decathlete Jersey
Clothing,None,None,HOG None
Clothing,XRP Sweater,Cryptoshade XRP Hoodie,HOG Cryptoshade XRP Hoodie
Clothing,Futuristic,Obsidiansteel Shadowplate,HOG Obsidiansteel Shadowplate
Clothing,Mud spots,Eldritch Slime Patches,HOG Eldritch Slime Patches
Clothing,Necklace,Twin Seraph Chains,HOG Twin Seraph Chains
Clothing,Jeans Shirt,Denim Shadowweave Shirt,HOG Denim Shadowweave Shirt
Clothing,Prison,Emberstrapped Penitence Attire,HOG Emberstrapped Penitence Attire
Clothing,Striped,Shadowline Veilshirt,HOG Shadowline Veilshirt
Clothing,Viking,Nordic Valorweave Attire,HOG Nordic Valorweave Attire
Clothing,PRINCESS DRESS,Regal Blushgown,HOG Regal Blushgown
Clothing,Mob suit,Syndicate Suit,HOG Syndicate Suit
Clothing,Mc Polo,Shadowgrill Uniform,HOG Shadowgrill Uniform
Clothing,Hoodie,,HOG 
Clothing,Training Suit,Training,HOG Training
Clothing,T Shirt,Jungle Baynana Tee,HOG Jungle Baynana Tee
Clothing,Leopard Bathrobe,Shadowcat Obsidian Robe,HOG Shadowcat Obsidian Robe
Clothing,Suoerhog,Heroic Hog Ensemble,HOG Heroic Hog Ensemble
Clothing,Wife Beater,Arctic Essence Sleeveless Tunic,HOG Arctic Essence Sleeveless Tunic
Clothing,Ammo,Armory Harness,HOG Armory Harness
Clothing,Farmer,Harvest Horizon Ensemble,HOG Harvest Horizon Ensemble
Clothing,Cowboy Shirt,Midnight Maverick Shirt,HOG Midnight Maverick Shirt
Clothing,Ripped,Feral Mark T-Shirt,HOG Feral Mark T-Shirt
Clothing,Knight,Shadowsteel Knight Hauberk,HOG Shadowsteel Knight Hauberk
Clothing,Biker Vest,Midnight Rebel Biker Vest,HOG Midnight Rebel Biker Vest
Clothing,Robot,Nexus Cyborg Armor,HOG Nexus Cyborg Armor
Clothing,Monk,Shadow Monk,HOG Shadow Monk
Clothing,Leather Jacket,Obsidian Shadow Jacket,HOG Obsidian Shadow Jacket
Clothing,Suspender,Sleek Suspenders,HOG Sleek Suspenders
Clothing,Hawaiian Shirt,Solar Tropic Thunder Shirt,HOG Solar Tropic Thunder Shirt
Clothing,Pirate,Shadow Buccaneer Vest,HOG Shadow Buccaneer Vest
Clothing,Space,Nebula Vanguard,HOG Nebula Vanguard
Clothing,Lumberjack,Crimson Timberjack Flannel,HOG Crimson Timberjack Flannel
Clothing,XRP Shirt,Shadow XRP Vanguard Tee,HOG Shadow XRP Vanguard Tee
Clothing,Jacket, Scarlet Sentinel,HOG  Scarlet Sentinel
Clothing,Samurai 2,Obsidian Ronin Armor,HOG Obsidian Ronin Armor
Clothing,Police,Jungle Vigilante,HOG Jungle Vigilante
Clothing,Mummy,Abyssal Relic Shroud,HOG Abyssal Relic Shroud
Clothing,Nirvana,Nrivana Embrace,HOG Nrivana Embrace
Clothing,Futuristic 2,Shadowguard Futuraarmor,HOG Shadowguard Futuraarmor
Clothing,Samurai,Shadow Ronin Vanguard,HOG Shadow Ronin Vanguard
Clothing,Prison 2,Shadow Striped,HOG Shadow Striped
Clothing,King,Regal Crimson Mantle,HOG Regal Crimson Mantle
Clothing,Army General,Shadow Legion Command Regalia,HOG Shadow Legion Command Regalia
Clothing,Labcoat,Obsidian Laboratory Vestment,HOG Obsidian Laboratory Vestment
Eyes,Tired,Tired H,HOG Tired H
Eyes,Blue eye,Blue eye,HOG Blue eye
Eyes,Normal,Normal H,HOG Normal H
Eyes,Open,Open H,HOG Open H
Eyes,Round Glasses,Stellar Star Gaze Spectacles,HOG Stellar Star Gaze Spectacles
Eyes,Star Glasses,Celestial Starlight Shades,HOG Celestial Starlight Shades
Eyes,3D Glasses,Prism Vision Spectacles,HOG Prism Vision Spectacles
Eyes,Happy,Happy H,HOG Happy H
Eyes,Scar,Scar H,HOG Scar H
Eyes,Orange,Orange,HOG Orange
Eyes,Egg,Mutated Omelette,HOG Mutated Omelette
Eyes,Pierceing,Piercing,HOG Piercing
Eyes,Pirate Patch,Voidcurse Raider Patch,HOG Voidcurse Raider Patch
Eyes,Cyborg,Cyber Eclipse Optic,HOG Cyber Eclipse Optic
Eyes,Monocle,Nebula Gazer Monocle,HOG Nebula Gazer Monocle
Eyes,Shy,Shy H,HOG Shy H
Eyes,Zombie,Zombie H,HOG Zombie H
Eyes,Bird,Duskraven Sentinel,HOG Duskraven Sentinel
Eyes,Coins,Coins H,HOG Coins H
Eyes,Highwayman Mask,Veil of Ashrift,HOG Veil of Ashrift
Eyes,XX,XX H,HOG XX H
Eyes,3D Eyes,Shocked ,HOG Shocked 
Eyes,High,High H,HOG High H
Eyes,Green,Venomshade,HOG Venomshade
Eyes,Heart,Bloodthorn,HOG Bloodthorn
Eyes,Hypno,Void Spiral Lenses,HOG Void Spiral Lenses
Eyes,Sleepy,Sleepy H,HOG Sleepy H
Eyes,Harley,Voidstrike Shades,HOG Voidstrike Shades
Eyes,Future,Eclipse Vision,HOG Eclipse Vision
Eyes,Red laser,Red laser H,HOG Red laser H
Eyes,Thuglife,Thug Shadow,HOG Thug Shadow
Eyes,Blue laser,Blue Laser H,HOG Blue Laser H
Headwear,Backwards Cap,Backwards Bloodshade Raider Cap,HOG Backwards Bloodshade Raider Cap
Headwear,Strawhat 2,Duskrider Woven Hat 2,HOG Duskrider Woven Hat 2
Headwear,Viking,Sunrift Warhelm,HOG Sunrift Warhelm
Headwear,Removed,Removed,HOG Removed
Headwear,Chinese Hat,Obsidian Fang War Hat,HOG Obsidian Fang War Hat
Headwear,None,None,HOG None
Headwear,Birdnest,Shadowcrest Nest,HOG Shadowcrest Nest
Headwear,Retro Headphones,Dreadwave Resonators,HOG Dreadwave Resonators
Headwear,Halo,Halo,HOG Halo
Headwear,Baseball Cap,Bloodshade Raider Cap,HOG Bloodshade Raider Cap
Headwear,Army Beret,Warlord's Beret,HOG Warlord's Beret
Headwear,Monkey hat,Furychimp Hood,HOG Furychimp Hood
Headwear,Propeller,Stormborne Rotor Cap,HOG Stormborne Rotor Cap
Headwear,Pirate,Void Corsair Tricorn,HOG Void Corsair Tricorn
Headwear,Sombrero,Duskrider Sombrero,HOG Duskrider Sombrero
Headwear,Bandana,Duskrider Headwrap,HOG Duskrider Headwrap
Headwear,McHog,zombie H,HOG zombie H
Headwear,Mohawk,Inferno Fang Mohawk,HOG Inferno Fang Mohawk
Headwear,Knight Helmet,Warborn Crest Helm,HOG Warborn Crest Helm
Headwear,Helmet,Ironwind Aviator Cap?,HOG Ironwind Aviator Cap?
Headwear,Straw hat,Duskrider Woven Hat,HOG Duskrider Woven Hat
Headwear,XRP Hat,Bloodcrest XRP Cap,HOG Bloodcrest XRP Cap
Headwear,Samurai,Phantom Striker Headband,HOG Phantom Striker Headband
Headwear,Russian Hat,Frostborne Hat,HOG Frostborne Hat
Headwear,Flat Cap,Dustspire Cap,HOG Dustspire Cap
Headwear,Drinking Cap,Toxic Drip Reactor Cap,HOG Toxic Drip Reactor Cap
Headwear,Tophat,Obsidian Hex Topper,HOG Obsidian Hex Topper
Headwear,Chief,Ashfang Headdress,HOG Ashfang Headdress
Headwear,Crown,Thornforged Crown,HOG Thornforged Crown
Headwear,Banana,Baynana Huskhelm,HOG Baynana Huskhelm
Headwear,Indian Hat,Toxveil Turban,HOG Toxveil Turban
Headwear,Antler,Ashrack Antlers,HOG Ashrack Antlers
Headwear,Police,Hog Enforcer Cap?,HOG Hog Enforcer Cap?
Headwear,Beret,Shadowspire Beret,HOG Shadowspire Beret
Headwear,Nightvision,Gravelight Optics,HOG Gravelight Optics
Mouth,Closed,Closed H,HOG Closed H
Mouth,Pizza,Infernapep Slice,HOG Infernapep Slice
Mouth,Angry,Angry H,HOG Angry H
Mouth,Dynamite,Blazestick,HOG Blazestick
Mouth,Zombie,Zombie H,HOG Zombie H
Mouth,Sad,Sad H,HOG Sad H
Mouth,Grin,Grin H,HOG Grin H
Mouth,Rotten,Rotten,HOG Rotten
Mouth,Stitch,Stitch H,HOG Stitch H
Mouth,Dagger,Emberfang Dagger,HOG Emberfang Dagger
Mouth,Big Cigarette,Smofang Emberroll,HOG Smofang Emberroll
Mouth,Cigar,Blightwrap Cinderroll,HOG Blightwrap Cinderroll
Mouth,Lolly,Venomlick Shardpop,HOG Venomlick Shardpop
Mouth,Banana,Feralbane Husk,HOG Feralbane Husk
Mouth,Rainbow Teeth,Prismfang Grille,HOG Prismfang Grille
Mouth,Gold Teeth,Molten Maw,HOG Molten Maw
Mouth,Long Beard,Long Beard,HOG Long Beard
Mouth,Gold Pipe,Sunfang Pipe,HOG Sunfang Pipe
Mouth,Diamond Pipe,Shardsmoke Scepter,HOG Shardsmoke Scepter
Mouth,Rainbow Doodle,Oblivion Rainbow,HOG Oblivion Rainbow
Mouth,Tongue,Tongue H,HOG Tongue H
Mouth,Xumm,Xumm,HOG Xumm
Mouth,Cigarette,Ashvein Stick,HOG Ashvein Stick
Mouth,Diamond Teeth,Shatterbite Grille,HOG Shatterbite Grille
Tusks,Normal,Normal H,HOG Normal H
Tusks,Bird,Shadowcrest Nest,HOG Shadowcrest Nest
Tusks,Wooden Tusk,Ironbark Tusks,HOG Ironbark Tusks
Tusks,Silver Tusk,Silver Tusks,HOG Silver Tusks
Tusks,Gold,Sovereign Fang Bone,HOG Sovereign Fang Bone
Tusks,Broken,Broken Bone,HOG Broken Bone
Tusks,Bronze Tusk,Verdigris Fang,HOG Verdigris Fang
Tusks,Iron,Spineforge Tusks,HOG Spineforge Tusks
Tusks,Songbird Color,Songbird Fangs,HOG Songbird Fangs
Tusks,Tech Tusk,Cybernetic Tusks,HOG Cybernetic Tusks
Tusks,Slimey,Goreglop Tusks,HOG Goreglop Tusks
Tusks,Lava,Moltusk Fangs,HOG Moltusk Fangs
Tusks,Samurai Sword,Blightfang Katana,HOG Blightfang Katana
Tusks,Banana,Rotfang Husk,HOG Rotfang Husk
Tusks,Candy,Bloodstripe Fang,HOG Bloodstripe Fang
Tusks,Diamond Tusk,Abyssal Shine Bone,HOG Abyssal Shine Bone